{
  "chart": {
    "title": "Share of adults who have not drunk alcohol in the last year",
    "subtitle": "Adults are defined as those aged 15 years and older. Shown is the share of adults who have not drunk any alcohol in the preceding 12 months.",
    "citation": "World Health Organization - Global Health Observatory (2024)",
    "originalChartUrl": "https://ourworldindata.org/grapher/share-who-have-not-drank-alcohol-in-last-year?v=1&csvType=full&useColumnShortNames=false",
    "selection": [
      "Brunei",
      "Bahrain",
      "Bangladesh",
      "Saudi Arabia",
      "United States",
      "United Kingdom",
      "Germany",
      "China",
      "India"
    ]
  },
  "columns": {
    "Alcohol, abstainers past 12 months (%) - Sex: both sexes": {
      "titleShort": "Alcohol, abstainers past 12 months (%) - Sex: both sexes",
      "titleLong": "Alcohol, abstainers past 12 months (%) - Sex: both sexes",
      "descriptionShort": "Abstainers in the past 12 months is defined as the proportion of adults (15+ years) in a given population who have not consumed any alcohol during the past 12 months, assessed at a given point in time. Numerator: The number of abstainers (15+ years) in the past 12 months. Denominator: The total number of participants (15+ years) responding to the corresponding question in a given survey. Weighted by survey design.",
      "unit": "%",
      "timespan": "2016-2016",
      "type": "Numeric",
      "owidVariableId": 821906,
      "shortName": "alcohol__abstainers_past_12_months__pct__sex_both_sexes",
      "lastUpdated": "2024-01-03",
      "nextUpdate": "2025-06-12",
      "citationShort": "World Health Organization - Global Health Observatory (2024) – processed by Our World in Data",
      "citationLong": "World Health Organization - Global Health Observatory (2024) – processed by Our World in Data. “Alcohol, abstainers past 12 months (%) - Sex: both sexes” [dataset]. World Health Organization, “Global Health Observatory” [original data].",
      "fullMetadata": "https://api.ourworldindata.org/v1/indicators/821906.metadata.json"
    }
  },
  "dateDownloaded": "2025-05-12",
  "activeFilters": {}
}