{
  "chart": {
    "title": "Share of drinkers who have had a heavy drinking session in past 30 days",
    "subtitle": "Heavy episodic drinking (drinkers only) is defined as the proportion of adult drinkers (15+ years) who have had at least 60 grams or more of pure alcohol on at least one occasion in the past 30 days. A consumption of 60 grams of pure alcohol corresponds approximately to 6 standard alcoholic drinks.",
    "citation": "World Health Organization - Global Health Observatory (2024)",
    "originalChartUrl": "https://ourworldindata.org/grapher/drinkers-had-a-heavy-session-in-past-30-days?v=1&csvType=full&useColumnShortNames=false",
    "selection": [
      "Sudan",
      "Ukraine",
      "Iran"
    ]
  },
  "columns": {
    "Alcohol, heavy episodic drinking (15+), drinkers only, past 30 days (%) - Sex: both sexes": {
      "titleShort": "Alcohol, heavy episodic drinking (15+), drinkers only, past 30 days (%) - Sex: both sexes",
      "titleLong": "Alcohol, heavy episodic drinking (15+), drinkers only, past 30 days (%) - Sex: both sexes",
      "descriptionShort": "Heavy episodic drinking (drinkers only) is defined as the proportion of adult drinkers (15+ years) who have had at least 60 grams or more of pure alcohol on at least one occasion in the past 30 days. A consumption of 60 grams of pure alcohol corresponds approximately to 6 standard alcoholic drinks. Numerator: The appropriately weighted number of drinkers (15+ years) who reported drinking at least 60 grams or more of pure alcohol on at least one occasion in the past 30 days. Denominator: The total number of respondents (15+ years, appropriately weighted) to the corresponding survey question(s) who reported having consumed an alcoholic standard drink (10 grams) within the past 12 months on the same survey (or 1-abstainers). This indicator is available for the population 15+ years, as well as for the age group 15-19 years.",
      "unit": "%",
      "timespan": "2016-2016",
      "type": "Numeric",
      "owidVariableId": 821929,
      "shortName": "alcohol__heavy_episodic_drinking__15plus__drinkers_only__past_30_days__pct__sex_both_sexes",
      "lastUpdated": "2024-01-03",
      "nextUpdate": "2025-06-12",
      "citationShort": "World Health Organization - Global Health Observatory (2024) – processed by Our World in Data",
      "citationLong": "World Health Organization - Global Health Observatory (2024) – processed by Our World in Data. “Alcohol, heavy episodic drinking (15+), drinkers only, past 30 days (%) - Sex: both sexes” [dataset]. World Health Organization, “Global Health Observatory” [original data].",
      "fullMetadata": "https://api.ourworldindata.org/v1/indicators/821929.metadata.json"
    }
  },
  "dateDownloaded": "2025-05-12",
  "activeFilters": {}
}