{
  "chart": {
    "title": "Share of population who haver never drunk alcohol",
    "subtitle": "Lifetime abstinence is defined as the proportion of adults (15+ years) in a given population who have not consumed any alcohol during their lifetime.",
    "citation": "World Health Organization - Global Health Observatory (2024)",
    "originalChartUrl": "https://ourworldindata.org/grapher/share-of-population-who-never-drink-alcohol?v=1&csvType=full&useColumnShortNames=false",
    "selection": [
      "Jordan",
      "Trinidad and Tobago",
      "Montenegro",
      "Bahrain",
      "United States",
      "Canada",
      "France",
      "Italy",
      "Spain",
      "Ghana",
      "Bangladesh"
    ]
  },
  "columns": {
    "Alcohol, abstainers lifetime (%) - Sex: both sexes": {
      "titleShort": "Alcohol, abstainers lifetime (%) - Sex: both sexes",
      "titleLong": "Alcohol, abstainers lifetime (%) - Sex: both sexes",
      "descriptionShort": "Lifetime abstainers is defined as the proportion of adults (15+ years) in a given population who have not consumed any alcohol during their lifetime, assessed at a given point in time. Numerator: The number of lifetime abstainers (15+ years). Denominator: The total number of participants (15+ years) responding to the corresponding question in a given survey. Weighted by survey design.",
      "unit": "%",
      "timespan": "2016-2016",
      "type": "Numeric",
      "owidVariableId": 821903,
      "shortName": "alcohol__abstainers_lifetime__pct__sex_both_sexes",
      "lastUpdated": "2024-01-03",
      "nextUpdate": "2025-06-12",
      "citationShort": "World Health Organization - Global Health Observatory (2024) – processed by Our World in Data",
      "citationLong": "World Health Organization - Global Health Observatory (2024) – processed by Our World in Data. “Alcohol, abstainers lifetime (%) - Sex: both sexes” [dataset]. World Health Organization, “Global Health Observatory” [original data].",
      "fullMetadata": "https://api.ourworldindata.org/v1/indicators/821903.metadata.json"
    }
  },
  "dateDownloaded": "2025-05-12",
  "activeFilters": {}
}