{
  "chart": {
    "title": "Share of adults who drank alcohol in last year",
    "subtitle": "Adults are defined as those aged 15 years and older. Shown is the share of adults who have drunk any alcohol in the preceding 12 months.",
    "citation": "World Health Organization - Global Health Observatory (2024)",
    "originalChartUrl": "https://ourworldindata.org/grapher/share-of-adults-who-drank-alcohol-in-last-year?v=1&csvType=full&useColumnShortNames=false",
    "selection": [
      "Kyrgyzstan",
      "Lithuania",
      "Kenya"
    ]
  },
  "columns": {
    "Alcohol, consumers past 12 months (%) - Sex: both sexes": {
      "titleShort": "Alcohol, consumers past 12 months (%) - Sex: both sexes",
      "titleLong": "Alcohol, consumers past 12 months (%) - Sex: both sexes",
      "descriptionShort": "Alcohol consumers in the past 12 months is defined as the proportion of adults (15+ years) in a given population who have consumed any alcohol during the past 12 months, assessed at a given point in time. The indicator is calculated with the help of the indicator \"Abstainers (15+ years), past 12 months\" by using 1-abstainers.",
      "unit": "%",
      "timespan": "2016-2016",
      "type": "Numeric",
      "owidVariableId": 821913,
      "shortName": "alcohol__consumers_past_12_months__pct__sex_both_sexes",
      "lastUpdated": "2024-01-03",
      "nextUpdate": "2025-06-12",
      "citationShort": "World Health Organization - Global Health Observatory (2024) – processed by Our World in Data",
      "citationLong": "World Health Organization - Global Health Observatory (2024) – processed by Our World in Data. “Alcohol, consumers past 12 months (%) - Sex: both sexes” [dataset]. World Health Organization, “Global Health Observatory” [original data].",
      "fullMetadata": "https://api.ourworldindata.org/v1/indicators/821913.metadata.json"
    }
  },
  "dateDownloaded": "2025-05-12",
  "activeFilters": {}
}