{
  "chart": {
    "title": "Alcohol consumption per capita in men and women",
    "subtitle": "The total alcohol consumption per adult aged over 15 years, measured in liters of pure alcohol. Estimates are based on national consumption, sales, surveys, and expert judgment of unrecorded alcohol consumption.",
    "citation": "World Health Organization",
    "originalChartUrl": "https://ourworldindata.org/grapher/alcohol-consumption-per-capita-men-women?v=1&csvType=full&useColumnShortNames=false",
    "selection": []
  },
  "columns": {
    "3.5.2 - Alcohol consumption per capita (aged 15 years and older) within a calendar year (litres of pure alcohol) - SH_ALC_CONSPT - Male": {
      "titleShort": "Men",
      "titleLong": "Men",
      "descriptionShort": "Alcohol consumption per capita (aged 15 years and older) within a calendar year (litres of pure alcohol)",
      "shortUnit": "",
      "unit": "litres pure alcohol",
      "timespan": "2000-2019",
      "type": "Numeric",
      "owidVariableId": 995476,
      "shortName": "_3_5_2__sh_alc_conspt__male",
      "lastUpdated": "2024-08-27",
      "nextUpdate": "2026-08-27",
      "citationShort": "World Health Organization – processed by Our World in Data",
      "citationLong": "World Health Organization – processed by Our World in Data. “Men” [dataset]. World Health Organization, “WHO Global Information System on Alcohol and Health (GISAH)” [original data].",
      "fullMetadata": "https://api.ourworldindata.org/v1/indicators/995476.metadata.json"
    },
    "3.5.2 - Alcohol consumption per capita (aged 15 years and older) within a calendar year (litres of pure alcohol) - SH_ALC_CONSPT - Female": {
      "titleShort": "Women",
      "titleLong": "Women",
      "descriptionShort": "Alcohol consumption per capita (aged 15 years and older) within a calendar year (litres of pure alcohol)",
      "shortUnit": "",
      "unit": "litres pure alcohol",
      "timespan": "2000-2019",
      "type": "Numeric",
      "owidVariableId": 995475,
      "shortName": "_3_5_2__sh_alc_conspt__female",
      "lastUpdated": "2024-08-27",
      "nextUpdate": "2026-08-27",
      "citationShort": "World Health Organization – processed by Our World in Data",
      "citationLong": "World Health Organization – processed by Our World in Data. “Women” [dataset]. World Health Organization, “WHO Global Information System on Alcohol and Health (GISAH)” [original data].",
      "fullMetadata": "https://api.ourworldindata.org/v1/indicators/995475.metadata.json"
    },
    "Population": {
      "titleShort": "Population",
      "titleLong": "Population",
      "descriptionShort": "Population by country, available from 10,000 BCE to 2100, based on data and estimates from different sources.",
      "descriptionProcessing": "The population data is constructed by combining data from multiple sources:\n\n- 10,000 BCE - 1799: Historical estimates by HYDE (v3.3).\n\n- 1800 - 1949: Historical estimates by Gapminder (v7).\n\n- 1950-2023: Population records by the UN World Population Prospects (2024 revision).\n\n- 2024-2100: Projections based on Medium variant by the UN World Population Prospects (2024 revision).",
      "shortUnit": "",
      "unit": "people",
      "timespan": "-10000-2100",
      "type": "Integer",
      "owidVariableId": 953899,
      "shortName": "population",
      "lastUpdated": "2024-07-15",
      "nextUpdate": "2026-07-15",
      "citationShort": "HYDE (2023); Gapminder (2022); UN WPP (2024) – with major processing by Our World in Data",
      "citationLong": "HYDE (2023); Gapminder (2022); UN WPP (2024) – with major processing by Our World in Data. “Population” [dataset]. PBL Netherlands Environmental Assessment Agency, “History Database of the Global Environment 3.3”; Gapminder, “Population v7”; United Nations, “World Population Prospects”; Gapminder, “Systema Globalis” [original data].",
      "fullMetadata": "https://api.ourworldindata.org/v1/indicators/953899.metadata.json"
    },
    "World regions according to OWID": {
      "titleShort": "World regions according to OWID",
      "titleLong": "World regions according to OWID",
      "descriptionKey": [],
      "unit": "",
      "timespan": "2023-2023",
      "type": "Continent",
      "owidVariableId": 900801,
      "shortName": "owid_region",
      "lastUpdated": "2023-01-01",
      "citationShort": "Our World in Data – processed by Our World in Data",
      "citationLong": "Our World in Data – processed by Our World in Data. “World regions according to OWID” [dataset]. Our World in Data, “Regions” [original data].",
      "fullMetadata": "https://api.ourworldindata.org/v1/indicators/900801.metadata.json"
    }
  },
  "dateDownloaded": "2025-05-12",
  "activeFilters": {}
}